{"cameraMode":{"drawMode":0,"name":"Shaded","section":"Shading Mode"},"sceneLighting":false,"audioPlay":false,"sceneViewState":{"showFog":true,"showMaterialUpdate":false,"showSkybox":true,"showFlares":true,"showImageEffects":true,"showParticleSystems":true},"in2DMode":false,"pivot":{"x":1.5503486394882203,"y":-0.2624267339706421,"z":21.522846221923829},"rotation":{"x":-0.005305965896695852,"y":0.9358457922935486,"z":-0.3507709205150604,"w":0.034126635640859607},"size":32.56674575805664,"orthographic":false}